<?xml version="1.0" encoding="UTF-8"?>
<!-- db연결 -->
<!DOCTYPE configuration	PUBLIC "-//mybatis.org//DTD Config 3.0//EN"	"http://mybatis.org/dtd/mybatis-3-config.dtd">

<configuration>
	<typeAliases>
		<typeAlias type="model.TipsDto" alias="TipsDto"/><!-- type:모델안에 디티오   alias:별명  -->
	</typeAliases>


<environments default="development">
		<environment id="development">
			<transactionManager type="JDBC" />
			<dataSource type="POOLED"><!-- 데이터 연결부분 -->
				<property name="driver" value="com.mysql.jdbc.Driver" />
				<property name="url" value="jdbc:mysql://localhost/hjy?useSSL=false&amp;useUnicode=true&amp;characterEncoding=utf8" />
				<property name="username" value="root" />
				<property name="password" value="911221" />
			</dataSource>
		</environment>
	</environments>
	
	<mappers>
		<mapper resource="mybatis/mapper.xml"/> <!-- mapper.xml이랑 연결하는 구문 -->
	</mappers>


</configuration>
