<?xml version="1.0" encoding="UTF-8"?>
<!-- db처리할 수 있는 구문 -->
<!DOCTYPE mapper  PUBLIC "-//mybatis.org//DTD Mapper 3.0//EN" "http://mybatis.org/dtd/mybatis-3-mapper.dtd">

<mapper namespace="abc"><!-- 변경가능 -->
<select id="select_tips" resultType="TipsDto"><!--resultType- 여러개를 받아도 다 처리 할 수 있게 -->
select * from tips;</select>
<insert id="insert_tips" parameterType="TipsDto">
insert into tips values(default,#{category},#{title},#{writer},now(),'123',#{context});</insert>
<delete id="delete_tips" parameterType="TipsDto">
delete from tips where number=(#{number});</delete>
<update id="update_tips" parameterType="TipsDto">
update tips set context=#{context},title=#{title} where number=#{number}; </update>
<select id="select_one" resultType="TipsDto">
select * from tips where number=#{number};</select>
</mapper>